Date,Open,High,Low,Close,Adj Close,Volume
11/20/2020,118.639999,118.769997,117.290001,117.339996,115.303619,73604300
11/23/2020,117.18,117.620003,113.75,113.849998,111.874191,127959300
11/24/2020,113.910004,115.849998,112.589996,115.169998,113.171288,113874200
11/25/2020,115.550003,116.75,115.169998,116.029999,114.016357,76499200
11/27/2020,116.57,117.489998,116.220001,116.589996,114.56665,46691300
11/30/2020,116.970001,120.970001,116.809998,119.050003,116.983948,169410200
12/1/2020,121.010002,123.470001,120.010002,122.720001,120.590263,127728200
12/2/2020,122.019997,123.370003,120.889999,123.080002,120.944008,89004200
12/3/2020,123.519997,123.779999,122.209999,122.940002,120.806442,78967600
12/4/2020,122.599998,122.860001,121.519997,122.25,120.12841,78260400
12/7/2020,122.309998,124.57,122.25,123.75,121.602386,86712000
12/8/2020,124.370003,124.980003,123.089996,124.379997,122.221436,82225500
12/9/2020,124.529999,125.949997,121,121.779999,119.66658,115089200
12/10/2020,120.5,123.870003,120.150002,123.239998,121.101234,81312200
12/11/2020,122.43,122.760002,120.550003,122.410004,120.285637,86939800
12/14/2020,122.599998,123.349998,121.540001,121.779999,119.66658,79184500
12/15/2020,124.339996,127.900002,124.129997,127.879997,125.660706,157243700
12/16/2020,127.410004,128.369995,126.559998,127.809998,125.591934,98208600
12/17/2020,128.899994,129.580002,128.039993,128.699997,126.466492,94359800
12/18/2020,128.960007,129.100006,126.120003,126.660004,124.461891,192541500
12/21/2020,125.019997,128.309998,123.449997,128.229996,126.004639,121251600
12/22/2020,131.610001,134.410004,129.649994,131.880005,129.591309,168904800
12/23/2020,132.160004,132.429993,130.779999,130.960007,128.687271,88223700
12/24/2020,131.320007,133.460007,131.100006,131.970001,129.679718,54930100
12/28/2020,133.990005,137.339996,133.509995,136.690002,134.317825,124486200
12/29/2020,138.050003,138.789993,134.339996,134.869995,132.529404,121047300
12/30/2020,135.580002,135.990005,133.399994,133.720001,131.399368,96452100
12/31/2020,134.080002,134.740005,131.720001,132.690002,130.387238,99116600
1/4/2021,133.520004,133.610001,126.760002,129.410004,127.164169,143301900
1/5/2021,128.889999,131.740005,128.429993,131.009995,128.736389,97664900
1/6/2021,127.720001,131.050003,126.379997,126.599998,124.402931,155088000
1/7/2021,128.360001,131.630005,127.860001,130.919998,128.647949,109578200
1/8/2021,132.429993,132.630005,130.229996,132.050003,129.758377,105158200
1/11/2021,129.190002,130.169998,128.5,128.979996,126.7416,100384500
1/12/2021,128.5,129.690002,126.860001,128.800003,126.564743,91951100
1/13/2021,128.759995,131.449997,128.490005,130.889999,128.6185,88636800
1/14/2021,130.800003,131,128.759995,128.910004,126.672836,90221800
1/15/2021,128.779999,130.220001,127,127.139999,124.933548,111598500
1/19/2021,127.779999,128.710007,126.940002,127.830002,125.611588,90757300
1/20/2021,128.660004,132.490005,128.550003,132.029999,129.738708,104319500
1/21/2021,133.800003,139.669998,133.589996,136.869995,134.49472,120150900
1/22/2021,136.279999,139.850006,135.020004,139.070007,136.656525,114459400
1/25/2021,143.070007,145.089996,136.539993,142.919998,140.439697,157611700
1/26/2021,143.600006,144.300003,141.369995,143.160004,140.675552,98390600
1/27/2021,143.429993,144.300003,140.410004,142.059998,139.59462,140843800
1/28/2021,139.520004,141.990005,136.699997,137.089996,134.710861,142621100
1/29/2021,135.830002,136.740005,130.210007,131.960007,129.669922,177523800
2/1/2021,133.75,135.380005,130.929993,134.139999,131.812073,106239800
2/2/2021,135.729996,136.309998,134.610001,134.990005,132.647308,83305400
2/3/2021,135.759995,135.770004,133.610001,133.940002,131.615555,89880900
2/4/2021,136.300003,137.399994,134.589996,137.389999,135.005661,84183100
2/5/2021,137.350006,137.419998,135.860001,136.759995,134.587418,75693800
2/8/2021,136.029999,136.960007,134.919998,136.910004,134.735046,71297200
2/9/2021,136.619995,137.880005,135.850006,136.009995,133.849304,76774200
2/10/2021,136.479996,136.990005,134.399994,135.389999,133.239182,73046600
2/11/2021,135.899994,136.389999,133.770004,135.130005,132.983307,64280000
2/12/2021,134.350006,135.529999,133.690002,135.369995,133.219498,60145100
2/16/2021,135.490005,136.009995,132.789993,133.190002,131.074142,80576300
2/17/2021,131.25,132.220001,129.470001,130.839996,128.76149,97918500
2/18/2021,129.199997,130,127.410004,129.710007,127.649429,96856700
2/19/2021,130.240005,130.710007,128.800003,129.869995,127.80687,87668800
2/22/2021,128.009995,129.720001,125.599998,126,123.998344,103916400
2/23/2021,123.760002,126.709999,118.389999,125.860001,123.860565,158273000
2/24/2021,124.940002,125.559998,122.230003,125.349998,123.358681,111039900
2/25/2021,124.68,126.459999,120.540001,120.989998,119.067932,148199500
2/26/2021,122.589996,124.849998,121.199997,121.260002,119.333664,164560400
3/1/2021,123.75,127.93,122.790001,127.790001,125.759918,116307900
3/2/2021,128.410004,128.720001,125.010002,125.120003,123.132339,102260900
3/3/2021,124.809998,125.709999,121.839996,122.059998,120.120941,112966300
3/4/2021,121.75,123.599998,118.620003,120.129997,118.221603,178155000
3/5/2021,120.980003,121.940002,117.57,121.419998,119.491104,153766600
3/8/2021,120.93,121,116.209999,116.360001,114.511497,154376600
3/9/2021,119.029999,122.059998,118.790001,121.089996,119.166344,129525800
3/10/2021,121.690002,122.169998,119.449997,119.980003,118.073997,111943300
3/11/2021,122.540001,123.209999,121.260002,121.959999,120.022522,103026500
3/12/2021,120.400002,121.169998,119.160004,121.029999,119.107307,88105100
3/15/2021,121.410004,124,120.419998,123.989998,122.020287,92403800
3/16/2021,125.699997,127.220001,124.720001,125.57,123.575172,115227900
3/17/2021,124.050003,125.860001,122.339996,124.760002,122.778069,111932600
3/18/2021,122.879997,123.18,120.32,120.529999,118.615242,121229700
3/19/2021,119.900002,121.43,119.68,119.989998,118.083832,185549500
3/22/2021,120.330002,123.870003,120.260002,123.389999,121.42981,111912300
3/23/2021,123.330002,124.239998,122.139999,122.540001,120.593323,95467100
3/24/2021,122.82,122.900002,120.07,120.089996,118.182228,88530500
3/25/2021,119.540001,121.660004,119,120.589996,118.674294,98844700
3/26/2021,120.349998,121.480003,118.919998,121.209999,119.284447,94071200
3/29/2021,121.650002,122.580002,120.730003,121.389999,119.461594,80819200
3/30/2021,120.110001,120.400002,118.860001,119.900002,117.995262,85671900
3/31/2021,121.650002,123.519997,121.150002,122.150002,120.209526,118323800
4/1/2021,123.660004,124.18,122.489998,123,121.046005,75089100
4/5/2021,123.870003,126.160004,123.07,125.900002,123.89994,88651200
4/6/2021,126.5,127.129997,125.650002,126.209999,124.205025,80171300
4/7/2021,125.830002,127.919998,125.139999,127.900002,125.868179,83466700
4/8/2021,128.949997,130.389999,128.520004,130.360001,128.289078,88844600
4/9/2021,129.800003,133.039993,129.470001,133,130.887146,106686700
4/12/2021,132.520004,132.850006,130.630005,131.240005,129.155136,91420000
4/13/2021,132.440002,134.660004,131.929993,134.429993,132.294434,91266500
4/14/2021,134.940002,135,131.660004,132.029999,129.932571,87222800
4/15/2021,133.820007,135,133.639999,134.5,132.363342,89347100
4/16/2021,134.300003,134.669998,133.279999,134.160004,132.028732,84922400
4/19/2021,133.509995,135.470001,133.339996,134.839996,132.697906,94264200
4/20/2021,135.020004,135.529999,131.809998,133.110001,130.995377,94812300
4/21/2021,132.360001,133.75,131.300003,133.5,131.379211,68847100
4/22/2021,133.039993,134.149994,131.410004,131.940002,129.843994,84566500
4/23/2021,132.160004,135.119995,132.160004,134.320007,132.186203,78657500
4/26/2021,134.830002,135.059998,133.559998,134.720001,132.579834,66905100
4/27/2021,135.009995,135.410004,134.110001,134.389999,132.255051,66015800
4/28/2021,134.309998,135.020004,133.080002,133.580002,131.457962,107760100
4/29/2021,136.470001,137.070007,132.449997,133.479996,131.359528,151101000
4/30/2021,131.779999,133.559998,131.070007,131.460007,129.371613,109839500
5/3/2021,132.039993,134.070007,131.830002,132.539993,130.434448,75135100
5/4/2021,131.190002,131.490005,126.699997,127.849998,125.81897,137564700
5/5/2021,129.199997,130.449997,127.970001,128.100006,126.06501,84000900
5/6/2021,127.889999,129.75,127.129997,129.740005,127.678947,78128300
5/7/2021,130.850006,131.259995,129.479996,130.210007,128.359131,78973300
5/10/2021,129.410004,129.539993,126.809998,126.849998,125.046883,88071200
5/11/2021,123.5,126.269997,122.769997,125.910004,124.120255,126142800
5/12/2021,123.400002,124.639999,122.25,122.769997,121.024895,112172300
5/13/2021,124.580002,126.150002,124.260002,124.970001,123.193619,105861300
5/14/2021,126.25,127.889999,125.849998,127.449997,125.638359,81918000
5/17/2021,126.82,126.93,125.169998,126.269997,124.475136,74244600
5/18/2021,126.559998,126.989998,124.779999,124.849998,123.075317,63342900
5/19/2021,123.160004,124.919998,122.860001,124.690002,122.917603,92612000
5/20/2021,125.230003,127.720001,125.099998,127.309998,125.500359,76857100
5/21/2021,127.82,128,125.209999,125.43,123.647079,79295400
5/24/2021,126.010002,127.940002,125.940002,127.099998,125.293335,63092900
5/25/2021,127.82,128.320007,126.32,126.900002,125.096184,72009500
5/26/2021,126.959999,127.389999,126.419998,126.849998,125.046883,56575900
5/27/2021,126.440002,127.639999,125.080002,125.279999,123.499207,94625600
5/28/2021,125.57,125.800003,124.550003,124.610001,122.838722,71311100
6/1/2021,125.080002,125.349998,123.940002,124.279999,122.513428,67637100
6/2/2021,124.279999,125.239998,124.050003,125.059998,123.282341,59278900
6/3/2021,124.68,124.849998,123.129997,123.540001,121.783936,76229200
6/4/2021,124.07,126.160004,123.849998,125.889999,124.10054,75169300
6/7/2021,126.169998,126.32,124.830002,125.900002,124.110405,71057600
6/8/2021,126.599998,128.460007,126.209999,126.739998,124.938446,74403800
6/9/2021,127.209999,127.75,126.519997,127.129997,125.322906,56877900
6/10/2021,127.019997,128.190002,125.940002,126.110001,124.317398,71186400
6/11/2021,126.529999,127.440002,126.099998,127.349998,125.539787,53522400
6/14/2021,127.82,130.539993,127.07,130.479996,128.62529,96906500
6/15/2021,129.940002,130.600006,129.389999,129.639999,127.797226,62746300
6/16/2021,130.369995,130.889999,128.460007,130.149994,128.299973,91815000
6/17/2021,129.800003,132.550003,129.649994,131.789993,129.916656,96721700
6/18/2021,130.710007,131.509995,130.240005,130.460007,128.605576,108953300
6/21/2021,130.300003,132.410004,129.210007,132.300003,130.419434,79663300
6/22/2021,132.130005,134.080002,131.619995,133.979996,132.075546,74783600
6/23/2021,133.770004,134.320007,133.229996,133.699997,131.799515,60214200
6/24/2021,134.449997,134.639999,132.929993,133.410004,131.513672,68711000
6/25/2021,133.460007,133.889999,132.809998,133.110001,131.217896,70783700
6/28/2021,133.410004,135.25,133.350006,134.779999,132.864151,62111300
6/29/2021,134.800003,136.490005,134.350006,136.330002,134.392166,64556100
6/30/2021,136.169998,137.410004,135.869995,136.960007,135.013168,63261400
7/1/2021,136.600006,137.330002,135.759995,137.270004,135.318817,52485800
7/2/2021,137.899994,140,137.75,139.960007,137.970535,78852600
7/6/2021,140.070007,143.149994,140.070007,142.020004,140.001251,108181800
7/7/2021,143.539993,144.889999,142.660004,144.570007,142.51503,104911600
7/8/2021,141.580002,144.059998,140.669998,143.240005,141.203934,105575500
7/9/2021,142.75,145.649994,142.649994,145.110001,143.047318,99890800
7/12/2021,146.210007,146.320007,144,144.5,142.446014,76299700
7/13/2021,144.029999,147.460007,143.630005,145.639999,143.569794,100827100
7/14/2021,148.100006,149.570007,147.679993,149.149994,147.029892,127050800
7/15/2021,149.240005,150,147.089996,148.479996,146.369446,106820300
7/16/2021,148.460007,149.759995,145.880005,146.389999,144.309113,93251400
7/19/2021,143.75,144.070007,141.669998,142.449997,140.425171,121434600
7/20/2021,143.460007,147.100006,142.960007,146.149994,144.07254,96350000
7/21/2021,145.529999,146.130005,144.630005,145.399994,143.333221,74993500
7/22/2021,145.940002,148.199997,145.809998,146.800003,144.713318,77338200
7/23/2021,147.550003,148.720001,146.919998,148.559998,146.448273,71447400
7/26/2021,148.270004,149.830002,147.699997,148.990005,146.872208,72434100
7/27/2021,149.119995,149.210007,145.550003,146.770004,144.683762,104818600
7/28/2021,144.809998,146.970001,142.539993,144.979996,142.919189,118931200
7/29/2021,144.690002,146.550003,144.580002,145.639999,143.569794,56699500
7/30/2021,144.380005,146.330002,144.110001,145.860001,143.786697,70440600
8/2/2021,146.360001,146.949997,145.25,145.520004,143.451523,62880000
8/3/2021,145.809998,148.039993,145.179993,147.360001,145.26535,64786600
8/4/2021,147.270004,147.789993,146.279999,146.949997,144.861191,56368300
8/5/2021,146.979996,147.839996,146.169998,147.059998,144.96962,46397700
8/6/2021,146.350006,147.110001,145.630005,146.139999,144.278534,54126800
8/9/2021,146.199997,146.699997,145.520004,146.089996,144.229172,48908700
8/10/2021,146.440002,147.710007,145.300003,145.600006,143.745407,69023100
8/11/2021,146.050003,146.720001,145.529999,145.860001,144.002106,48493500
8/12/2021,146.190002,149.050003,145.839996,148.889999,146.9935,72282600
8/13/2021,148.970001,149.440002,148.270004,149.100006,147.200851,59375000
8/16/2021,148.539993,151.190002,146.470001,151.119995,149.195099,103296000
8/17/2021,150.229996,151.679993,149.089996,150.190002,148.276978,92229700
8/18/2021,149.800003,150.720001,146.149994,146.360001,144.495743,86326000
8/19/2021,145.029999,148,144.5,146.699997,144.831406,86960300
8/20/2021,147.440002,148.5,146.779999,148.190002,146.302414,60549600
8/23/2021,148.309998,150.190002,147.889999,149.710007,147.80307,60131800
8/24/2021,149.449997,150.860001,149.149994,149.619995,147.714188,48606400
8/25/2021,149.809998,150.320007,147.800003,148.360001,146.470245,58991300
8/26/2021,148.350006,149.119995,147.509995,147.539993,145.660706,48597200
8/27/2021,147.479996,148.75,146.830002,148.600006,146.707199,55802400
8/30/2021,149,153.490005,148.610001,153.119995,151.169632,90956700
8/31/2021,152.660004,152.800003,151.289993,151.830002,149.896088,86453100
9/1/2021,152.830002,154.979996,152.339996,152.509995,150.567398,80313700
9/2/2021,153.869995,154.720001,152.399994,153.649994,151.692886,71115500
9/3/2021,153.759995,154.630005,153.089996,154.300003,152.33461,57808700
9/7/2021,154.970001,157.259995,154.389999,156.690002,154.694168,82278300
9/8/2021,156.979996,157.039993,153.979996,155.110001,153.134277,74420200
9/9/2021,155.490005,156.110001,153.949997,154.070007,152.107544,57305700
9/10/2021,155,155.479996,148.699997,148.970001,147.072495,140893200
9/13/2021,150.630005,151.419998,148.75,149.550003,147.645096,102404300
9/14/2021,150.350006,151.070007,146.910004,148.119995,146.233307,109296300
9/15/2021,148.559998,149.440002,146.369995,149.029999,147.131729,83281300
9/16/2021,148.440002,148.970001,147.220001,148.789993,146.89476,68034100
9/17/2021,148.820007,148.820007,145.759995,146.059998,144.199524,129868800
9/20/2021,143.800003,144.839996,141.270004,142.940002,141.119308,123478900
9/21/2021,143.929993,144.600006,142.779999,143.429993,141.603058,75834000
9/22/2021,144.449997,146.429993,143.699997,145.850006,143.992233,76404300
9/23/2021,146.649994,147.080002,145.639999,146.830002,144.959763,64838200
9/24/2021,145.660004,147.470001,145.559998,146.919998,145.048615,53477900
9/27/2021,145.470001,145.960007,143.820007,145.369995,143.518326,74150700
9/28/2021,143.25,144.75,141.690002,141.910004,140.102432,108972300
9/29/2021,142.470001,144.449997,142.029999,142.830002,141.010696,74602000
9/30/2021,143.660004,144.380005,141.279999,141.5,139.697632,89056700
10/1/2021,141.899994,142.919998,139.110001,142.649994,140.833008,94639600
10/4/2021,141.759995,142.210007,138.270004,139.139999,137.367676,98322000
10/5/2021,139.490005,142.240005,139.360001,141.110001,139.312622,80861100
10/6/2021,139.470001,142.149994,138.369995,142,140.191269,83221100
10/7/2021,143.059998,144.220001,142.720001,143.289993,141.464813,61732700
10/8/2021,144.029999,144.179993,142.559998,142.899994,141.079819,58773200
10/11/2021,142.270004,144.809998,141.809998,142.809998,140.990936,64452200
10/12/2021,143.229996,143.25,141.039993,141.509995,139.707504,73035900
10/13/2021,141.240005,141.399994,139.199997,140.910004,139.115158,78762700
10/14/2021,142.110001,143.880005,141.509995,143.759995,141.928864,69907100
10/15/2021,143.770004,144.899994,143.509995,144.839996,142.995087,67940300
10/18/2021,143.449997,146.839996,143.160004,146.550003,144.683319,85589200
10/19/2021,147.009995,149.169998,146.550003,148.759995,146.865158,76378900
10/20/2021,148.699997,149.75,148.119995,149.259995,147.35881,58418800
10/21/2021,148.809998,149.639999,147.869995,149.479996,147.576019,61421000
10/22/2021,149.690002,150.179993,148.639999,148.690002,146.796066,58883400
10/25/2021,148.679993,149.369995,147.619995,148.639999,146.746704,50720600
10/26/2021,149.330002,150.839996,149.009995,149.320007,147.418045,60893400
10/27/2021,149.360001,149.729996,148.490005,148.850006,146.954041,56094900
10/28/2021,149.820007,153.169998,149.720001,152.570007,150.626663,100077900
10/29/2021,147.220001,149.940002,146.410004,149.800003,147.891907,124953200
11/1/2021,148.990005,149.699997,147.800003,148.960007,147.062637,74588300
11/2/2021,148.660004,151.570007,148.649994,150.020004,148.109116,69122000
11/3/2021,150.389999,151.970001,149.820007,151.490005,149.56041,54511500
11/4/2021,151.580002,152.429993,150.639999,150.960007,149.03714,60394600
11/5/2021,151.889999,152.199997,150.059998,151.279999,149.57103,65463900
11/8/2021,151.410004,151.570007,150.160004,150.440002,148.740524,55020900
11/9/2021,150.199997,151.429993,150.059998,150.809998,149.106339,56787900
11/10/2021,150.020004,150.130005,147.850006,147.919998,146.249023,65187100
11/11/2021,148.960007,149.429993,147.679993,147.869995,146.199554,41000000
11/12/2021,148.429993,150.399994,147.479996,149.990005,148.295639,63804000
11/15/2021,150.369995,151.880005,149.429993,150,148.305511,59222800
11/16/2021,149.940002,151.490005,149.339996,151,149.294205,59256200
11/17/2021,151,155,150.990005,153.490005,151.756073,88807000
11/18/2021,153.710007,158.669998,153.050003,157.869995,156.086578,137827700
11/19/2021,157.649994,161.020004,156.529999,160.550003,158.736328,117305600
11/22/2021,161.679993,165.699997,161,161.020004,159.201019,117467900
11/23/2021,161.119995,161.800003,159.059998,161.410004,159.586609,96041900
11/24/2021,160.75,162.139999,159.639999,161.940002,160.110611,69463600
11/26/2021,159.570007,160.449997,156.360001,156.809998,155.038574,76959800
11/29/2021,159.369995,161.190002,158.789993,160.240005,158.42984,88748200
11/30/2021,159.990005,165.520004,159.919998,165.300003,163.432663,174048100
12/1/2021,167.479996,170.300003,164.529999,164.770004,162.908646,152052500
12/2/2021,158.740005,164.199997,157.800003,163.759995,161.910065,136739200
12/3/2021,164.020004,164.960007,159.720001,161.839996,160.011749,118023100
12/6/2021,164.289993,167.880005,164.279999,165.320007,163.452454,107497000
12/7/2021,169.080002,171.580002,168.339996,171.179993,169.246231,120405400
12/8/2021,172.130005,175.960007,170.699997,175.080002,173.102173,116998900
12/9/2021,174.910004,176.75,173.919998,174.559998,172.588043,108923700
12/10/2021,175.210007,179.630005,174.690002,179.449997,177.422806,115402700
12/13/2021,181.119995,182.130005,175.529999,175.740005,173.754745,153237000
12/14/2021,175.25,177.740005,172.210007,174.330002,172.360657,139380400
12/15/2021,175.110001,179.5,172.309998,179.300003,177.274521,131063300
12/16/2021,179.279999,181.139999,170.75,172.259995,170.314056,150185800
12/17/2021,169.929993,173.470001,169.690002,171.139999,169.206711,195432700
12/20/2021,168.279999,170.580002,167.460007,169.75,167.832382,107499100
12/21/2021,171.559998,173.199997,169.119995,172.990005,171.035797,91185900
12/22/2021,173.039993,175.860001,172.149994,175.639999,173.655869,92135300
12/23/2021,175.850006,176.850006,175.270004,176.279999,174.28862,68356600
12/27/2021,177.089996,180.419998,177.070007,180.330002,178.292877,74919600
12/28/2021,180.160004,181.330002,178.529999,179.289993,177.264587,79144300
12/29/2021,179.330002,180.630005,178.139999,179.380005,177.353622,62348900
12/30/2021,179.470001,180.570007,178.089996,178.199997,176.18692,59773000
12/31/2021,178.089996,179.229996,177.259995,177.570007,175.564072,64062300
1/3/2022,177.830002,182.880005,177.710007,182.009995,179.953903,104487900
1/4/2022,182.630005,182.940002,179.119995,179.699997,177.669968,99310400
1/5/2022,179.610001,180.169998,174.639999,174.919998,172.943985,94537600
1/6/2022,172.699997,175.300003,171.639999,172,170.056976,96904000
1/7/2022,172.889999,174.139999,171.029999,172.169998,170.225037,86709100
1/10/2022,169.080002,172.5,168.169998,172.190002,170.244812,106765600
1/11/2022,172.320007,175.179993,170.820007,175.080002,173.102173,76138300
1/12/2022,176.119995,177.179993,174.820007,175.529999,173.547104,74805200
1/13/2022,175.779999,176.619995,171.789993,172.190002,170.244812,84505800
1/14/2022,171.339996,173.779999,171.089996,173.070007,171.114914,80440800
1/18/2022,171.509995,172.539993,169.410004,169.800003,167.881836,90956700
1/19/2022,170,171.080002,165.940002,166.229996,164.352173,94815000
1/20/2022,166.979996,169.679993,164.179993,164.509995,162.651566,91420500
1/21/2022,164.419998,166.330002,162.300003,162.410004,160.575317,122848900
1/24/2022,160.020004,162.300003,154.699997,161.619995,159.794235,162294600
1/25/2022,158.979996,162.759995,157.020004,159.779999,157.975006,115798400
1/26/2022,163.5,164.389999,157.820007,159.690002,157.886017,108275300
1/27/2022,162.449997,163.839996,158.279999,159.220001,157.421356,121954600
1/28/2022,165.710007,170.350006,162.800003,170.330002,168.405853,179935700
1/31/2022,170.160004,175,169.509995,174.779999,172.805557,115541600
2/1/2022,174.009995,174.839996,172.309998,174.610001,172.637482,86213900
2/2/2022,174.75,175.880005,173.330002,175.839996,173.853592,84914300
2/3/2022,174.479996,176.240005,172.119995,172.899994,170.946808,89418100
2/4/2022,171.679993,174.100006,170.679993,172.389999,170.659714,82465400
2/7/2022,172.860001,173.949997,170.949997,171.660004,169.937042,77251200
2/8/2022,171.729996,175.350006,171.429993,174.830002,173.075256,74829200
2/9/2022,176.050003,176.649994,174.899994,176.279999,174.510681,71285000
2/10/2022,174.139999,175.479996,171.550003,172.119995,170.392426,90865900
2/11/2022,172.330002,173.080002,168.039993,168.639999,166.947372,98670700
2/14/2022,167.369995,169.580002,166.559998,168.880005,167.184967,86185500
2/15/2022,170.970001,172.949997,170.25,172.789993,171.055695,62527400
2/16/2022,171.850006,173.339996,170.050003,172.550003,170.818146,61177400
2/17/2022,171.029999,171.910004,168.470001,168.880005,167.184967,69589300
2/18/2022,169.820007,170.539993,166.190002,167.300003,165.620804,82772700
2/22/2022,164.979996,166.690002,162.149994,164.320007,162.670731,91162800
2/23/2022,165.539993,166.149994,159.75,160.070007,158.463409,90009200
2/24/2022,152.580002,162.850006,152,162.740005,161.106583,141147500
2/25/2022,163.839996,165.119995,160.869995,164.850006,163.195435,91974200
2/28/2022,163.059998,165.419998,162.429993,165.119995,163.462677,95056600
3/1/2022,164.699997,166.600006,161.970001,163.199997,161.561951,83474400
3/2/2022,164.389999,167.360001,162.949997,166.559998,164.888245,79724800
3/3/2022,168.470001,168.910004,165.550003,166.229996,164.561569,76678400
3/4/2022,164.490005,165.550003,162.100006,163.169998,161.532257,83737200
3/7/2022,163.360001,165.020004,159.039993,159.300003,157.701096,96418800
3/8/2022,158.820007,162.880005,155.800003,157.440002,155.859787,131148300
3/9/2022,161.479996,163.410004,159.410004,162.949997,161.314453,91454900
3/10/2022,160.199997,160.389999,155.979996,158.520004,156.928925,105342000
3/11/2022,158.929993,159.279999,154.5,154.729996,153.176971,96970100
3/14/2022,151.449997,154.119995,150.100006,150.619995,149.108231,108732100
3/15/2022,150.899994,155.570007,150.380005,155.089996,153.53334,92964300
3/16/2022,157.050003,160,154.460007,159.589996,157.98819,102300200
3/17/2022,158.610001,161,157.630005,160.619995,159.007843,75615400
3/18/2022,160.509995,164.479996,159.759995,163.979996,162.334137,123511700
3/21/2022,163.509995,166.350006,163.009995,165.380005,163.720078,95811400
3/22/2022,165.509995,169.419998,164.910004,168.820007,167.125565,81532000
3/23/2022,167.990005,172.639999,167.649994,170.210007,168.501617,98062700
3/24/2022,171.059998,174.139999,170.210007,174.070007,172.322876,90131400
3/25/2022,173.880005,175.279999,172.75,174.720001,172.966339,80546200
3/28/2022,172.169998,175.729996,172,175.600006,173.837494,90371900
3/29/2022,176.690002,179.009995,176.339996,178.960007,177.163773,100589400
3/30/2022,178.550003,179.610001,176.699997,177.770004,175.985733,92633200
3/31/2022,177.839996,178.029999,174.399994,174.610001,172.857437,103049300
4/1/2022,174.029999,174.880005,171.940002,174.309998,172.560455,78751300
4/4/2022,174.570007,178.490005,174.440002,178.440002,176.648987,76468400
4/5/2022,177.5,178.300003,174.419998,175.059998,173.302933,73401800
4/6/2022,172.360001,173.630005,170.130005,171.830002,170.105362,89058800
4/7/2022,171.160004,173.360001,169.850006,172.139999,170.412231,77594700
4/8/2022,171.779999,171.779999,169.199997,170.089996,168.382828,76575500
4/11/2022,168.710007,169.029999,165.5,165.75,164.086365,72246700
4/12/2022,168.020004,169.869995,166.639999,167.660004,165.977203,79265200
4/13/2022,167.389999,171.039993,166.770004,170.399994,168.689713,70618900
4/14/2022,170.619995,171.270004,165.039993,165.289993,163.630981,75329400
4/18/2022,163.919998,166.600006,163.570007,165.070007,163.413223,69023900
4/19/2022,165.020004,167.820007,163.910004,167.399994,165.719803,67723800
4/20/2022,168.759995,168.880005,166.100006,167.229996,165.551514,67929800
4/21/2022,168.910004,171.529999,165.910004,166.419998,164.749634,87227800
4/22/2022,166.460007,167.869995,161.5,161.789993,160.166107,84882400
4/25/2022,161.119995,163.169998,158.460007,162.880005,161.245148,96046400
4/26/2022,162.25,162.339996,156.720001,156.800003,155.226196,95623200
4/27/2022,155.910004,159.789993,155.380005,156.570007,154.998535,88063200
4/28/2022,159.25,164.520004,158.929993,163.639999,161.997574,130216800
4/29/2022,161.839996,166.199997,157.25,157.649994,156.067657,131747600
5/2/2022,156.710007,158.229996,153.270004,157.960007,156.374557,123055300
5/3/2022,158.149994,160.710007,156.320007,159.479996,157.879303,88966500
5/4/2022,159.669998,166.479996,159.259995,166.020004,164.353653,108256500
5/5/2022,163.850006,164.080002,154.949997,156.770004,155.196503,130525300
5/6/2022,156.009995,159.440002,154.179993,157.279999,155.930145,116124600
5/9/2022,154.929993,155.830002,151.490005,152.059998,150.754944,131577900
5/10/2022,155.520004,156.740005,152.929993,154.509995,153.183914,115366700
5/11/2022,153.5,155.449997,145.809998,146.5,145.242676,142689800
5/12/2022,142.770004,146.199997,138.800003,142.559998,141.336487,182602000
5/13/2022,144.589996,148.100006,143.110001,147.110001,145.847427,113990900
5/16/2022,145.550003,147.520004,144.179993,145.539993,144.290909,86643800
5/17/2022,148.860001,149.770004,146.679993,149.240005,147.959167,78336300
5/18/2022,146.850006,147.360001,139.899994,140.820007,139.611435,109742900
5/19/2022,139.880005,141.660004,136.600006,137.350006,136.171204,136095600
5/20/2022,139.089996,140.699997,132.610001,137.589996,136.409134,137426100
5/23/2022,137.789993,143.259995,137.649994,143.110001,141.88176,117726300
5/24/2022,140.809998,141.970001,137.330002,140.360001,139.15535,104132700
5/25/2022,138.429993,141.789993,138.339996,140.520004,139.313995,92482700
5/26/2022,137.389999,144.339996,137.139999,143.779999,142.546005,90601500
5/27/2022,145.389999,149.679993,145.259995,149.639999,148.355713,90978500
5/31/2022,149.070007,150.660004,146.839996,148.839996,147.562592,103718400
6/1/2022,149.899994,151.740005,147.679993,148.710007,147.433701,74286600
6/2/2022,147.830002,151.270004,146.860001,151.210007,149.912262,72348100
6/3/2022,146.899994,147.970001,144.460007,145.380005,144.132278,88570300
6/6/2022,147.029999,148.570007,144.899994,146.139999,144.885757,71598400
6/7/2022,144.350006,149,144.100006,148.710007,147.433701,67808200
6/8/2022,148.580002,149.869995,147.460007,147.960007,146.690125,53950200
6/9/2022,147.080002,147.949997,142.529999,142.639999,141.415802,69473000
6/10/2022,140.279999,140.759995,137.059998,137.130005,135.953079,91437900
6/13/2022,132.869995,135.199997,131.440002,131.880005,130.748138,122207100
6/14/2022,133.130005,133.889999,131.479996,132.759995,131.62059,84784300
6/15/2022,134.289993,137.339996,132.160004,135.429993,134.267654,91533000
6/16/2022,132.080002,132.389999,129.039993,130.059998,128.943741,108123900
6/17/2022,130.070007,133.080002,129.809998,131.559998,130.430893,134520300
6/21/2022,133.419998,137.059998,133.320007,135.869995,134.703888,81000500
6/22/2022,134.789993,137.759995,133.910004,135.350006,134.188354,73409200
6/23/2022,136.820007,138.589996,135.630005,138.270004,137.083298,72433800
6/24/2022,139.899994,141.910004,139.770004,141.660004,140.444214,89116800
6/27/2022,142.699997,143.490005,140.970001,141.660004,140.444214,70207900
6/28/2022,142.130005,143.419998,137.320007,137.440002,136.260422,67083400
6/29/2022,137.460007,140.669998,136.669998,139.229996,138.035065,66242400
6/30/2022,137.25,138.369995,133.770004,136.720001,135.5466,98964500
7/1/2022,136.039993,139.039993,135.660004,138.929993,137.737625,71051600
7/5/2022,137.770004,141.610001,136.929993,141.559998,140.345062,73353800
7/6/2022,141.350006,144.119995,141.080002,142.919998,141.69339,74064300
7/7/2022,143.289993,146.550003,143.279999,146.350006,145.093964,66253700
7/8/2022,145.259995,147.550003,145,147.039993,145.778015,64547800
7/11/2022,145.669998,146.639999,143.779999,144.869995,143.626633,63141600
7/12/2022,145.759995,148.449997,145.050003,145.860001,144.608154,77588800
7/13/2022,142.990005,146.449997,142.119995,145.490005,144.241348,71185600
7/14/2022,144.080002,148.949997,143.25,148.470001,147.195755,78140700
7/15/2022,149.779999,150.860001,148.199997,150.169998,148.881165,76259900
7/18/2022,150.740005,151.570007,146.699997,147.070007,145.8078,81420900
7/19/2022,147.919998,151.229996,146.910004,151,149.704056,82982400
7/20/2022,151.119995,153.720001,150.369995,153.039993,151.726532,64823400
7/21/2022,154.5,155.570007,151.940002,155.350006,154.016708,65086600
7/22/2022,155.389999,156.279999,153.410004,154.089996,152.767517,66675400
7/25/2022,154.009995,155.039993,152.279999,152.949997,151.637314,53623900
7/26/2022,152.259995,153.089996,150.800003,151.600006,150.298904,55138700
7/27/2022,152.580002,157.330002,152.160004,156.789993,155.444351,78620700
7/28/2022,156.979996,157.639999,154.410004,157.350006,155.999542,81378700
7/29/2022,161.240005,163.630005,159.5,162.509995,161.11525,101786900
8/1/2022,161.009995,163.589996,160.889999,161.509995,160.123856,67829400
8/2/2022,160.100006,162.410004,159.630005,160.009995,158.636703,59907000
8/3/2022,160.839996,166.589996,160.75,166.130005,164.704193,82507500
8/4/2022,166.009995,167.190002,164.429993,165.809998,164.386932,55474100
8/5/2022,163.210007,165.850006,163,165.350006,164.158585,56697000
8/8/2022,166.369995,167.809998,164.199997,164.869995,163.682053,60276900
8/9/2022,164.020004,165.820007,163.25,164.919998,163.731705,63135500
8/10/2022,167.679993,169.339996,166.899994,169.240005,168.020569,70170500
8/11/2022,170.059998,170.990005,168.190002,168.490005,167.275986,57149200
8/12/2022,169.820007,172.169998,169.399994,172.100006,170.859955,68039400
8/15/2022,171.520004,173.389999,171.350006,173.190002,171.942108,54091700
8/16/2022,172.779999,173.710007,171.660004,173.029999,171.783249,56377100
8/17/2022,172.770004,176.149994,172.570007,174.550003,173.292313,79542000
8/18/2022,173.75,174.899994,173.119995,174.149994,172.895187,62290100
8/19/2022,173.029999,173.740005,171.309998,171.520004,170.284149,70346300
8/22/2022,169.690002,169.860001,167.139999,167.570007,166.36261,69026800
8/23/2022,167.080002,168.710007,166.649994,167.229996,166.025055,54147100
8/24/2022,167.320007,168.110001,166.25,167.529999,166.322876,53841500
8/25/2022,168.779999,170.139999,168.350006,170.029999,168.804871,51218200
8/26/2022,170.570007,171.050003,163.559998,163.619995,162.441071,78961000
8/29/2022,161.149994,162.899994,159.820007,161.380005,160.217209,73314000
8/30/2022,162.130005,162.559998,157.720001,158.910004,157.765015,77906200
8/31/2022,160.309998,160.580002,157.139999,157.220001,156.087158,87991100
9/1/2022,156.639999,158.419998,154.669998,157.960007,156.821838,74229900
9/2/2022,159.75,160.360001,154.970001,155.809998,154.687332,76957800
9/6/2022,156.470001,157.089996,153.690002,154.529999,153.41655,73714800
9/7/2022,154.820007,156.669998,153.610001,155.960007,154.836258,87449600
9/8/2022,154.639999,156.360001,152.679993,154.460007,153.347061,84923800
9/9/2022,155.470001,157.820007,154.75,157.369995,156.236099,68028800
9/12/2022,159.589996,164.259995,159.300003,163.429993,162.252426,104956000
9/13/2022,159.899994,160.539993,153.369995,153.839996,152.731522,122656600
9/14/2022,154.789993,157.100006,153.610001,155.309998,154.190948,87965400
9/15/2022,154.649994,155.240005,151.380005,152.369995,151.27211,90481100
9/16/2022,151.210007,151.350006,148.369995,150.699997,149.614151,162278800
9/19/2022,149.309998,154.559998,149.100006,154.479996,153.366928,81474200
9/20/2022,153.399994,158.080002,153.080002,156.899994,155.76947,107689800
9/21/2022,157.339996,158.740005,153.600006,153.720001,152.612381,101696800
9/22/2022,152.380005,154.470001,150.910004,152.740005,151.639481,86652500
9/23/2022,151.190002,151.470001,148.559998,150.429993,149.3461,96029900
9/26/2022,149.660004,153.770004,149.639999,150.770004,149.683655,93339400
9/27/2022,152.740005,154.720001,149.949997,151.759995,150.666504,84442700
9/28/2022,147.639999,150.639999,144.839996,149.839996,148.760345,146691400
9/29/2022,146.100006,146.720001,140.679993,142.479996,141.453384,128138200
9/30/2022,141.279999,143.100006,138,138.199997,137.204208,124925300
10/3/2022,138.210007,143.070007,137.690002,142.449997,141.423599,114311700
10/4/2022,145.029999,146.220001,144.259995,146.100006,145.047302,87830100
10/5/2022,144.070007,147.380005,143.009995,146.399994,145.345123,79471000
10/6/2022,145.809998,147.539993,145.220001,145.429993,144.382126,68402200
10/7/2022,142.539993,143.100006,139.449997,140.089996,139.080597,85925600
10/10/2022,140.419998,141.889999,138.570007,140.419998,139.408218,74899000
10/11/2022,139.899994,141.350006,138.220001,138.979996,137.978577,77033700
10/12/2022,139.130005,140.360001,138.160004,138.339996,137.343201,70433700
10/13/2022,134.990005,143.589996,134.369995,142.990005,141.959702,113224000
10/14/2022,144.309998,144.520004,138.190002,138.380005,137.382935,88598000
10/17/2022,141.070007,142.899994,140.270004,142.410004,141.383896,85250900
10/18/2022,145.490005,146.699997,140.610001,143.75,142.714249,99136600
10/19/2022,141.690002,144.949997,141.5,143.860001,142.823441,61758300
10/20/2022,143.020004,145.889999,142.649994,143.389999,142.356812,64522000
10/21/2022,142.869995,147.850006,142.649994,147.270004,146.208862,86548600
10/24/2022,147.190002,150.229996,146,149.449997,148.373138,75981900
10/25/2022,150.089996,152.490005,149.360001,152.339996,151.24234,74732300
10/26/2022,150.960007,151.990005,148.039993,149.350006,148.27388,88194300
10/27/2022,148.070007,149.050003,144.130005,144.800003,143.756653,109180200
10/28/2022,148.199997,157.5,147.820007,155.740005,154.617859,164762400
10/31/2022,153.160004,154.240005,151.919998,153.339996,152.235123,97943200
11/1/2022,155.080002,155.449997,149.130005,150.649994,149.564514,80379300
11/2/2022,148.949997,152.169998,145,145.029999,143.985001,93604600
11/3/2022,142.059998,142.800003,138.75,138.880005,137.879303,97918500
11/4/2022,142.089996,142.669998,134.380005,138.380005,137.610825,140814800
11/7/2022,137.110001,139.149994,135.669998,138.919998,138.147812,83374600
11/8/2022,140.410004,141.429993,137.490005,139.5,138.724594,89908500
11/9/2022,138.5,138.550003,134.589996,134.869995,134.120331,74917800
11/10/2022,141.240005,146.869995,139.5,146.869995,146.053619,118854000
11/11/2022,145.820007,150.009995,144.369995,149.699997,148.867889,93979700
11/14/2022,148.970001,150.279999,147.429993,148.279999,147.45578,73374100
11/15/2022,152.220001,153.589996,148.559998,150.039993,149.206009,89868300
11/16/2022,149.130005,149.869995,147.289993,148.789993,147.962952,64218300
11/17/2022,146.429993,151.479996,146.149994,150.720001,149.882217,80389400
11/18/2022,152.309998,152.699997,149.970001,151.289993,150.449066,74829600
11/21/2022,150.160004,150.369995,147.720001,148.009995,147.187286,58724100
11/22/2022,148.130005,150.419998,146.929993,150.179993,149.345215,51804100
11/23/2022,149.449997,151.830002,149.339996,151.070007,150.230316,58301400
11/25/2022,148.309998,148.880005,147.119995,148.110001,147.286728,35195900
11/28/2022,145.139999,146.639999,143.380005,144.220001,143.41835,69246000
11/29/2022,144.289993,144.809998,140.350006,141.169998,140.385315,83763800
11/30/2022,141.399994,148.720001,140.550003,148.029999,147.207184,111380900
12/1/2022,148.210007,149.130005,146.610001,148.309998,147.485626,71250400
12/2/2022,145.960007,148,145.649994,147.809998,146.988403,65447400
12/5/2022,147.770004,150.919998,145.770004,146.630005,145.814972,68826400
12/6/2022,147.070007,147.300003,141.919998,142.910004,142.115646,64727200
12/7/2022,142.190002,143.369995,140,140.940002,140.156586,69721100
12/8/2022,142.360001,143.520004,141.100006,142.649994,141.857086,62128300
12/9/2022,142.339996,145.570007,140.899994,142.160004,141.369812,76097000
12/12/2022,142.699997,144.5,141.059998,144.490005,143.686859,70462700
12/13/2022,149.5,149.970001,144.240005,145.470001,144.661423,93886200
12/14/2022,145.350006,146.660004,141.160004,143.210007,142.413971,82291200
12/15/2022,141.110001,141.800003,136.029999,136.5,135.741272,98931900
12/16/2022,136.690002,137.649994,133.729996,134.509995,133.762329,160156900
12/19/2022,135.110001,135.199997,131.320007,132.369995,131.634216,79592600
12/20/2022,131.389999,133.25,129.889999,132.300003,131.564621,77432800
12/21/2022,132.979996,136.809998,132.75,135.449997,134.697113,85928000
12/22/2022,134.350006,134.559998,130.300003,132.229996,131.494995,77852100
12/23/2022,130.919998,132.419998,129.639999,131.860001,131.12706,63814900
12/27/2022,131.380005,131.410004,128.720001,130.029999,129.307236,69007800
12/28/2022,129.669998,131.029999,125.870003,126.040001,125.339409,85438400
12/29/2022,127.989998,130.479996,127.730003,129.610001,128.889572,75703700
12/30/2022,128.410004,129.949997,127.43,129.929993,129.207794,77034200
1/3/2023,130.279999,130.899994,124.169998,125.07,124.374794,112117500
1/4/2023,126.889999,128.660004,125.080002,126.360001,125.657639,89113600
1/5/2023,127.129997,127.769997,124.760002,125.019997,124.325073,80962700
1/6/2023,126.010002,130.289993,124.889999,129.619995,128.899506,87754700
1/9/2023,130.470001,133.410004,129.889999,130.149994,129.426559,70790800
1/10/2023,130.259995,131.259995,128.119995,130.729996,130.003342,63896200
1/11/2023,131.25,133.509995,130.460007,133.490005,132.748016,69458900
1/12/2023,133.880005,134.259995,131.440002,133.410004,132.668457,71379600
1/13/2023,132.029999,134.919998,131.660004,134.759995,134.010941,57809700
1/17/2023,134.830002,137.289993,134.130005,135.940002,135.184372,63646600
1/18/2023,136.820007,138.610001,135.029999,135.210007,134.458435,69672800
1/19/2023,134.080002,136.25,133.770004,135.270004,134.518112,58280400
1/20/2023,135.279999,138.020004,134.220001,137.869995,137.103653,80223600
1/23/2023,138.119995,143.320007,137.899994,141.110001,140.325653,81760300
1/24/2023,140.309998,143.160004,140.300003,142.529999,141.737747,66435100
1/25/2023,140.889999,142.429993,138.809998,141.860001,141.071472,65799300
1/26/2023,143.169998,144.25,141.899994,143.960007,143.159805,54105100
1/27/2023,143.160004,147.229996,143.080002,145.929993,145.118851,70555800
1/30/2023,144.960007,145.550003,142.850006,143,142.205154,64015300
1/31/2023,142.699997,144.339996,142.279999,144.289993,143.487961,65874500
2/1/2023,143.970001,146.610001,141.320007,145.429993,144.621628,77663600
2/2/2023,148.899994,151.179993,148.169998,150.820007,149.981674,118339000
2/3/2023,148.029999,157.380005,147.830002,154.5,153.64122,154357300
2/6/2023,152.570007,153.100006,150.779999,151.729996,150.886612,69858300
2/7/2023,150.639999,155.229996,150.639999,154.649994,153.790375,83322600
2/8/2023,153.880005,154.580002,151.169998,151.919998,151.075562,64120100
2/9/2023,153.779999,154.330002,150.419998,150.869995,150.031387,56007100
2/10/2023,149.460007,151.339996,149.220001,151.009995,150.399902,57450700
2/13/2023,150.949997,154.259995,150.919998,153.850006,153.228439,62199000
2/14/2023,152.119995,153.770004,150.860001,153.199997,152.581055,61707600
2/15/2023,153.110001,155.5,152.880005,155.330002,154.702438,65573800
2/16/2023,153.509995,156.330002,153.350006,153.710007,153.089005,68167900
2/17/2023,152.350006,153,150.850006,152.550003,151.933685,59144100
2/21/2023,150.199997,151.300003,148.410004,148.479996,147.880127,58867200
2/22/2023,148.869995,149.949997,147.160004,148.910004,148.308395,51011300
2/23/2023,150.089996,150.339996,147.240005,149.399994,148.796417,48394200
2/24/2023,147.110001,147.190002,145.720001,146.710007,146.117294,55469600
2/27/2023,147.710007,149.169998,147.449997,147.919998,147.322372,44998500
2/28/2023,147.050003,149.080002,146.830002,147.410004,146.814438,50547000
3/1/2023,146.830002,147.229996,145.009995,145.309998,144.722916,55479000
3/2/2023,144.380005,146.710007,143.899994,145.910004,145.320511,52238100
3/3/2023,148.039993,151.110001,147.330002,151.029999,150.419815,70732300
3/6/2023,153.789993,156.300003,153.460007,153.830002,153.208511,87558000
3/7/2023,153.699997,154.029999,151.130005,151.600006,150.987534,56182000
3/8/2023,152.809998,153.470001,151.830002,152.869995,152.252396,47204800
3/9/2023,153.559998,154.539993,150.229996,150.589996,149.981598,53833600
3/10/2023,150.210007,150.940002,147.610001,148.5,147.90004,68572400
3/13/2023,147.809998,153.139999,147.699997,150.470001,149.862076,84457100
3/14/2023,151.279999,153.399994,150.100006,152.589996,151.973526,73695900
3/15/2023,151.190002,153.25,149.919998,152.990005,152.371902,77167900
3/16/2023,152.160004,156.460007,151.639999,155.850006,155.220352,76161100
3/17/2023,156.080002,156.740005,154.279999,155,154.373779,98944600
3/20/2023,155.070007,157.820007,154.149994,157.399994,156.764084,73641400
3/21/2023,157.320007,159.399994,156.539993,159.279999,158.63649,73938300
3/22/2023,159.300003,162.139999,157.809998,157.830002,157.192352,75701800
3/23/2023,158.830002,161.550003,157.679993,158.929993,158.287903,67622100
3/24/2023,158.860001,160.339996,157.850006,160.25,159.60257,59196500
3/27/2023,159.940002,160.770004,157.869995,158.279999,157.640533,52390300
3/28/2023,157.970001,158.490005,155.979996,157.649994,157.013077,45992200
3/29/2023,159.369995,161.050003,159.350006,160.770004,160.120483,51305700
3/30/2023,161.529999,162.470001,161.270004,162.360001,161.704041,49501700
3/31/2023,162.440002,165,161.910004,164.899994,164.23378,68749800
4/3/2023,164.270004,166.289993,164.220001,166.169998,165.498672,56976200
4/4/2023,166.600006,166.839996,165.110001,165.630005,164.960831,46278300
4/5/2023,164.740005,165.050003,161.800003,163.759995,163.098389,51511700
4/6/2023,162.429993,164.960007,162,164.660004,163.994766,45390100
4/10/2023,161.419998,162.029999,160.080002,162.029999,161.375397,47716900
4/11/2023,162.350006,162.360001,160.509995,160.800003,160.15036,47644200
4/12/2023,161.220001,162.059998,159.779999,160.100006,159.453186,50133100
4/13/2023,161.630005,165.800003,161.419998,165.559998,164.891113,68445600
4/14/2023,164.589996,166.320007,163.820007,165.210007,164.542542,49386500
4/17/2023,165.089996,165.389999,164.029999,165.229996,164.562454,41516200
4/18/2023,166.100006,167.410004,165.649994,166.470001,165.79744,49923000
4/19/2023,165.800003,168.160004,165.539993,167.630005,166.952774,47720200
4/20/2023,166.089996,167.869995,165.559998,166.649994,165.9767,52456400
4/21/2023,165.050003,166.449997,164.490005,165.020004,164.353302,58337300
4/24/2023,165,165.600006,163.889999,165.330002,164.662048,41949600
4/25/2023,165.190002,166.309998,163.729996,163.770004,163.108353,48714100
4/26/2023,163.059998,165.279999,162.800003,163.759995,163.098389,45498800
4/27/2023,165.190002,168.559998,165.190002,168.410004,167.729614,64902300
4/28/2023,168.490005,169.850006,167.880005,169.679993,168.994461,55209200
5/1/2023,169.279999,170.449997,168.639999,169.589996,168.904831,52472900
5/2/2023,170.089996,170.350006,167.539993,168.539993,167.85907,48425700
5/3/2023,169.5,170.919998,167.160004,167.449997,166.773483,65136000
5/4/2023,164.889999,167.039993,164.309998,165.789993,165.120178,81235400
5/5/2023,170.979996,174.300003,170.759995,173.570007,172.868774,113316400
5/8/2023,172.479996,173.850006,172.110001,173.5,172.799057,55962800
5/9/2023,173.050003,173.539993,171.600006,171.770004,171.076035,45326900
5/10/2023,173.020004,174.029999,171.899994,173.559998,172.858795,53724500
5/11/2023,173.850006,174.589996,172.169998,173.75,173.048035,49514700
5/12/2023,173.619995,174.059998,171,172.570007,172.11055,45497800
5/15/2023,173.160004,173.210007,171.470001,172.070007,171.611877,37266700
5/16/2023,171.990005,173.139999,171.800003,172.070007,171.611877,42110300
5/17/2023,171.710007,172.929993,170.419998,172.690002,172.230225,57951600
5/18/2023,173,175.240005,172.580002,175.050003,174.583939,65496700
5/19/2023,176.389999,176.389999,174.940002,175.160004,174.693649,55772400
5/22/2023,173.979996,174.710007,173.449997,174.199997,173.736191,43570900
5/23/2023,173.130005,173.380005,171.279999,171.559998,171.103226,50747300
5/24/2023,171.089996,172.419998,170.520004,171.839996,171.382477,45143500
5/25/2023,172.410004,173.899994,171.690002,172.990005,172.529419,56058300
5/26/2023,173.320007,175.770004,173.110001,175.429993,174.962906,54835000
5/30/2023,176.960007,178.990005,176.570007,177.300003,176.827942,55964400
5/31/2023,177.330002,179.350006,176.759995,177.25,176.778061,99625300
6/1/2023,177.699997,180.119995,176.929993,180.089996,179.610504,68901800
6/2/2023,181.029999,181.779999,179.259995,180.949997,180.468216,61945900
6/5/2023,182.630005,184.949997,178.039993,179.580002,179.101868,121946500
6/6/2023,179.970001,180.119995,177.429993,179.210007,178.732849,64848400
6/7/2023,178.440002,181.210007,177.320007,177.820007,177.346558,61944600
6/8/2023,177.899994,180.839996,177.460007,180.570007,180.089233,50214900
6/9/2023,181.5,182.229996,180.630005,180.960007,180.478195,48870700
6/12/2023,181.270004,183.889999,180.970001,183.789993,183.300644,54274900
6/13/2023,182.800003,184.149994,182.440002,183.309998,182.821945,54929100
6/14/2023,183.369995,184.389999,182.020004,183.949997,183.460236,57462900
6/15/2023,183.960007,186.520004,183.779999,186.009995,185.51474,65433200
6/16/2023,186.729996,186.990005,184.270004,184.919998,184.427643,101235600
6/20/2023,184.410004,186.100006,184.410004,185.009995,184.51741,49799100
6/21/2023,184.899994,185.410004,182.589996,183.960007,183.470215,49515700
6/22/2023,183.740005,187.050003,183.669998,187,186.502121,51245300
6/23/2023,185.550003,187.559998,185.009995,186.679993,186.182953,53079300
6/26/2023,186.830002,188.050003,185.229996,185.270004,184.776733,48088700
6/27/2023,185.889999,188.389999,185.669998,188.059998,187.55928,50730800
6/28/2023,187.929993,189.899994,187.600006,189.25,188.746124,51216800
6/29/2023,189.080002,190.070007,188.940002,189.589996,189.085205,46347300
6/30/2023,191.630005,194.479996,191.259995,193.970001,193.453568,85069600
7/3/2023,193.779999,193.880005,191.759995,192.460007,191.947586,31458200
7/5/2023,191.570007,192.979996,190.619995,191.330002,190.820587,46920300
7/6/2023,189.839996,192.020004,189.199997,191.809998,191.299301,45094300
7/7/2023,191.410004,192.669998,190.240005,190.679993,190.172302,46778000
7/10/2023,189.259995,189.990005,187.039993,188.610001,188.107834,59922200
7/11/2023,189.160004,189.300003,186.600006,188.080002,187.579254,46638100
7/12/2023,189.679993,191.699997,188.470001,189.770004,189.26474,60750200
7/13/2023,190.5,191.190002,189.779999,190.539993,190.032669,41342300
7/14/2023,190.229996,191.179993,189.630005,190.690002,190.182281,41573900
7/17/2023,191.899994,194.320007,191.809998,193.990005,193.473511,50520200
7/18/2023,193.350006,194.330002,192.419998,193.729996,193.214188,48353800
7/19/2023,193.100006,198.229996,192.649994,195.100006,194.580551,80507300
7/20/2023,195.089996,196.470001,192.5,193.130005,192.615799,59581200
7/21/2023,194.100006,194.970001,191.229996,191.940002,191.42897,71917800
7/24/2023,193.410004,194.910004,192.25,192.75,192.236801,45377800
7/25/2023,193.330002,194.440002,192.919998,193.619995,193.104492,37283200
7/26/2023,193.669998,195.639999,193.320007,194.5,193.982147,47471900
7/27/2023,196.020004,197.199997,192.550003,193.220001,192.705551,47460200
7/28/2023,194.669998,196.630005,194.139999,195.830002,195.308609,48291400
7/31/2023,196.059998,196.490005,195.259995,196.449997,195.926956,38824100
8/1/2023,196.240005,196.729996,195.279999,195.610001,195.089188,35175100
8/2/2023,195.039993,195.179993,191.850006,192.580002,192.067245,50389300
8/3/2023,191.570007,192.369995,190.690002,191.169998,190.661011,61235200
8/4/2023,185.520004,187.380005,181.919998,181.990005,181.505463,115799700
8/7/2023,182.130005,183.130005,177.350006,178.850006,178.37381,97576100
8/8/2023,179.690002,180.270004,177.580002,179.800003,179.321274,67823000
8/9/2023,180.869995,180.929993,177.009995,178.190002,177.715561,60378500
8/10/2023,179.479996,180.75,177.600006,177.970001,177.496155,54686900
8/11/2023,177.320007,178.619995,176.550003,177.789993,177.556076,51988100
8/14/2023,177.970001,179.690002,177.309998,179.460007,179.223892,43675600
8/15/2023,178.880005,179.479996,177.050003,177.449997,177.216522,43622600
8/16/2023,177.130005,178.539993,176.5,176.570007,176.337692,46964900
8/17/2023,177.139999,177.509995,173.479996,174,173.771072,66062900
8/18/2023,172.300003,175.100006,171.960007,174.490005,174.260422,61114200
8/21/2023,175.070007,176.130005,173.740005,175.839996,175.608643,46311900
8/22/2023,177.059998,177.679993,176.25,177.229996,176.996811,42084200
8/23/2023,178.520004,181.550003,178.330002,181.119995,180.881699,52722800
8/24/2023,180.669998,181.100006,176.009995,176.380005,176.147934,54945800
8/25/2023,177.380005,179.149994,175.820007,178.610001,178.375,51449600
8/28/2023,180.089996,180.589996,178.550003,180.190002,179.952927,43820700
8/29/2023,179.699997,184.899994,179.5,184.119995,183.877747,53003900
8/30/2023,184.940002,187.850006,184.740005,187.649994,187.403107,60813900
8/31/2023,187.839996,189.119995,187.479996,187.869995,187.622818,60794500
9/1/2023,189.490005,189.919998,188.279999,189.460007,189.210739,45732600
9/5/2023,188.279999,189.979996,187.610001,189.699997,189.450409,45280000
9/6/2023,188.399994,188.850006,181.470001,182.910004,182.669342,81755800
9/7/2023,175.179993,178.210007,173.539993,177.559998,177.326385,112488800
9/8/2023,178.350006,180.240005,177.789993,178.179993,177.945557,65551300
9/11/2023,180.070007,180.300003,177.339996,179.360001,179.124008,58953100
9/12/2023,179.490005,180.130005,174.820007,176.300003,176.068039,90370200
9/13/2023,176.509995,177.300003,173.979996,174.210007,173.980789,84267900
9/14/2023,174,176.100006,173.580002,175.740005,175.508789,60895800
9/15/2023,176.479996,176.5,173.820007,175.009995,174.779724,109205100
9/18/2023,176.479996,179.380005,176.169998,177.970001,177.73584,67257600
9/19/2023,177.520004,179.630005,177.130005,179.070007,178.834396,51826900
9/20/2023,179.259995,179.699997,175.399994,175.490005,175.259109,58436200
9/21/2023,174.550003,176.300003,173.860001,173.929993,173.701157,63047900
9/22/2023,174.669998,177.080002,174.050003,174.789993,174.560013,56725400
9/25/2023,174.199997,176.970001,174.149994,176.080002,175.848328,46172700
9/26/2023,174.820007,175.199997,171.660004,171.960007,171.733749,64588900
9/27/2023,172.619995,173.039993,169.050003,170.429993,170.20575,66921800
9/28/2023,169.339996,172.029999,167.619995,170.690002,170.465424,56294400
9/29/2023,172.020004,173.070007,170.339996,171.210007,170.984741,51814200
10/2/2023,171.220001,174.300003,170.929993,173.75,173.521393,52164500
10/3/2023,172.259995,173.630005,170.820007,172.399994,172.173172,49594600
10/4/2023,171.089996,174.210007,170.970001,173.660004,173.431519,53020300
10/5/2023,173.789993,175.449997,172.679993,174.910004,174.679871,48527900
10/6/2023,173.800003,177.990005,173.179993,177.490005,177.256485,57224100
10/9/2023,176.809998,179.050003,175.800003,178.990005,178.754501,42390800
10/10/2023,178.100006,179.720001,177.949997,178.389999,178.155289,43698000
10/11/2023,178.199997,179.850006,177.600006,179.800003,179.563431,47551100
10/12/2023,180.070007,182.339996,179.039993,180.710007,180.472244,56743100
10/13/2023,181.419998,181.929993,178.139999,178.850006,178.614685,51427100
10/16/2023,176.75,179.080002,176.509995,178.720001,178.484863,52517000
10/17/2023,176.649994,178.419998,174.800003,177.149994,176.916916,57549400
10/18/2023,175.580002,177.580002,175.110001,175.839996,175.608643,54764400
10/19/2023,176.039993,177.839996,175.190002,175.460007,175.229156,59302900
10/20/2023,175.309998,175.419998,172.639999,172.880005,172.652542,64189300
10/23/2023,170.910004,174.009995,169.929993,173,172.772385,55980100
10/24/2023,173.050003,173.669998,171.449997,173.440002,173.211807,43816600
10/25/2023,171.880005,173.059998,170.649994,171.100006,170.874893,57157000
10/26/2023,170.369995,171.380005,165.669998,166.889999,166.670425,70625300
10/27/2023,166.910004,168.960007,166.830002,168.220001,167.998672,58499100
10/30/2023,169.020004,171.169998,168.869995,170.289993,170.065933,51131000
10/31/2023,169.350006,170.899994,167.899994,170.770004,170.545319,44846000
11/1/2023,171,174.229996,170.119995,173.970001,173.741104,56934900
11/2/2023,175.520004,177.779999,175.460007,177.570007,177.33638,77334800
11/3/2023,174.240005,176.820007,173.350006,176.649994,176.417572,79763700
11/6/2023,176.380005,179.429993,176.210007,179.229996,178.994186,63841300
11/7/2023,179.179993,182.440002,178.970001,181.820007,181.58078,70530000
11/8/2023,182.350006,183.449997,181.589996,182.889999,182.649368,49340300
11/9/2023,182.960007,184.119995,181.809998,182.410004,182.169998,53763500
11/10/2023,183.970001,186.570007,183.529999,186.399994,186.399994,66133400
11/13/2023,185.820007,186.029999,184.210007,184.800003,184.800003,43627500
11/14/2023,187.699997,188.110001,186.300003,187.440002,187.440002,60108400
11/15/2023,187.850006,189.5,187.779999,188.009995,188.009995,53790500
11/16/2023,189.570007,190.960007,188.649994,189.710007,189.710007,54412900
11/17/2023,190.25,190.380005,188.570007,189.690002,189.690002,50922700
